1	Score
user user kalau untuk menghadapi banjir dari laut mau ga mau dibangun benteng laut seperti di luar negri , karena tanah jakarta tanahny semakin turun sedangkan disekitar jakarta tinggi , ibarat ada cekungan di jakarta numpuk dimari semua airnya , solusinya benteng laut menahan air dr laut	0
perasaan baru gue balik dari salak abis tahun baru . balik peradaban jakarta udh jd kolam . jalan nerjang banjir . tidur di pinggir rel kereta deket rumah temen karena cuma di situ yang kering . mau ke rumah udh kemaleman . airnya masih tinggi . eh tau2 mau tahun baru lagi aja ðŸ™‚	0
gimana bisa perasaan kemarin masih heboh banjir tinggi di jakarta	0
curah hujan yang mulai tinggi , pemprov dki menyiapkan anggaran khusus untuk tangani banjir jakarta hashtag url	0
laporan drone kegiatan pekerjaan : kerja bakti kali sentiong dalam rangka penanganan banjir di wilayah johar baru lokasi pekerjaan : jl . pulo gundul-tanah tinggi kec.johar baru hari/tanggal : minggu , 18 oktober 2020 dihadiri oleh : wakil gubernur dki jakarta beserta jajarannya url	4
user user luar biasa berapa m3 `` sendimentasi ' yang bisa diangkat dimana akan tambah kedalaman sungai utk daya tampung air pada musim hujan apalagi jika curah hujannya tinggi , itu langkah utk antisipasi banjir yang nyata semoga dki jakarta terbebas banjir asalkan konsisten program kerjanya ! df	0
alamak . jakarta lagi tinggi corona , di tunjang dgn banjir , warga nya bahagia dan bersukaria seperti ini saya yakin corona betah dan masuk list tetap menjadi warga dki . hashtag url	0
catatan merah lainnya al . penanggulangan banjir , covid 19 , kemacetan , tingkat polusi yang tinggi , hampir tidak ada perkembangan yang berarti rumah dp rp 0 jadi catatan merah dalam peringatan tiga tahun pemerintahan gubernur anies baswedan di dki jakarta . url	0
banjir kenangan kebanjiranðŸ˜† @ jln . kayu tinggi , cakung jakarta timur url	2
jakarta dan sekitarnya : covid tinggi omnibus law ntar lagi banjir goodjob pak !	0
[ pajak tanggap bencana ] selamat pagi , kawan perpajakan ! ã…¤ã…¤ã…¤ banjir melanda wilayah dki jakarta dan sekitarnya pada sabtu , 10 oktober 2020. banjir terjadi karena intensitas curah hujan yang tinggi . url	1
intensitas hujan tinggi mengakibatkan banjir & amp ; longsor di beberapa daerah . 7 personil yang terdiri dari baznas tanggap bencana pusat dan baznas tanggap bencana dki jakarta memberikan layanan dengan melakukan aksi evakuasi baca selengkapnya di bawah ini . url	3
rumah zakat action terjunkan 15 relawan bantu korban banjir rumah zakat action menerjunkan 15 relawan untuk ikut terlibat dalam misi kemanusiaan untuk membantu korban banjir . jakarta , rumah zakat â€“ curah hujan tinggi yang terjadi membuat aliran air kalâ€¦ url	2
user user user user user atasi banjir ? minggu lalu jaktim kebanjiran lagi , padahal tidak curah hujan tinggi . sy udah diblock sama elisa , bagi dia jakarta cuma sebesar kampung akuarium .	0
wagub dki jakarta ahmad riza patria menyebutkan posisi jakarta 40 % di bawah rata-rata permukaan laut . hal itu membuat jakarta menjadi wilayah rawan bencana , ada rob , banjir bandang , banjir kiriman dan banjir akibat debit hujan curah hujan tinggi . url	1
jakarta kembali diterjang banjir akibat curah hujan tinggi , satu orang meninggal dunia url	2
user user user user user semoga musim hujan tinggi dan jakarta banjir . demonya dari atas pohon aja . .kayak monyet . .ðŸ˜›ðŸ˜€	0
url bpbd dki jakarta mencatat tinggi muka air di sejumlah lokasi masih berstatus siaga iii pada hari ini ( minggu , 11/10/2020 ) hashtag hashtag	1
rasa kekeluargaan begitu tinggi disini . ibu , bapak kita saling menguatkan . alhamdulillah masker tambahan sudah dibagikan petugas . jaga jarak sudah di atur . semalam pukul 23.30 di lokasi longsor & amp ; banjir di jln damai , ciganjur , jagakarsa , jakarta selatan . hashtag url	3
jakarta utara dan timur waspada banjir ! tinggi muka air di pos pantau sunter hulu pada senin ( 10/10/2020 ) hingga pukul 21.00 wib terpantau 285 cm dan berstatus siaga 1/awas . warga di bantaran sungai dihimbau untu waspada karena berpotensi banjir . url	4
hashtag kp . makasar rt 07 rw 07 semakin tinggi , ketinggian sudah mencapai 1 meter user user user hashtag hashtag hashtag user url	5
banjir sudah masuk rumah , semakin tinggi hashtag hashtag url	3
perjalanan berkendara terlama dan terperjuangan gua selama tinggal di jakarta jatuh kepada : jakpus to tangsel . menerjang banjir yang cukup tinggi . beradu dengan hujan dan helm . menahan pedih nya mata yang terkena air hujan . waaahhhh . what a such a day lah pokoknya ðŸ‘Œ	1
user user iye terus banjir mulu jakarta . makin hari makin tinggi	1
tak terasa musim hujan sudah kembali lagi . waktunya warga jakarta bersiaga menghadapi banjir . melalui fitur jakpantau di aplikasi jaki , kamu bisa memantau tinggi permukaan air di sekitarmu hingga melacak kelurahan-kelurahan yang terdampak banjir . url hashtag	1
hati hati yang melewati gandaria city dari arah pondok indah banjir cukup tinggi gaess user user hashtag hashtag url url	3
user user user mangkanya di regulasi biar gk jadi banjir kya jakarta fyi sawit bikin kekeringan ngab ngrugiin daerah tersebut soalnya kebutuhan air buat sawit tinggi banget	0
jadi inget pas magang di jakarta , banjir dari jam 2 pagi , ga tidur at all , banjir se lutut sampe kamar , pas mandi mati listrik , batre hp 0 % , jalan dari perempatan pasar baru sampe ke gambir cuma buat nge charge hp . pas di jalan tinggi air udh sepaha	0
user tengok aja dulu sepupumu . si anies . anggaran dki jakarta menguap tidak jelas , bansos mampet , banjir tambah parah , angka covid19 paling tinggi dll . masih mingkem ?	0
pasca banjir , belasan petugas dari suku dinas gulkarmat jakarta selatan bersama ppsu membersihkan endapan lumpur di jalan emesde d , cipete selatan , cilandak , senin ( 6/10 ) . jalan tersebut dibersihkan dengan cara menyemprotan air bertekanan tinggi . hashtag hashtag hashtag url	3
tinggi muka air â€˜ banjir bandang â€™ jakarta url	1
curah hujan tinggi , sudin sda catat 21 titik banjir jakarta selatan url hashtag	2
sebanyak 56 wilayah di jakarta masih terendam banjir dengan tinggi berkisar 10-175 sentimeter , senin pagi . hashtag url	3
sebanyak lima rw di kelurahan kampung melayu , jatinegara , jakarta timur terendam banjir dengan tinggi berkisar 80-175 cm . hashtag url	4
pagi ini beberapa daerah di jakarta banjir lagi sejak semalam . rasanya capek banjir berjilid-jilid kayak gini . harusnya daya resap tanah/bumi masih tinggi setelah lama terjadi kemarau . air hujan sebisa mungkin dimasukkan ke dalam tanah , bukan dialirkan ke laut lewat gorong2.ðŸ¥´ url	2
top story : user 'user mayday mayday banjir semakin tinggi di kawasan kampung kecil muhajar rt004/002 kebon jeruk jakarta barat dan sudah masuk ke dalam rumah warga mohon tindakannya user ðŸ™ðŸ™ ' url see more url	5
user mayday mayday banjir semakin tinggi di kawasan kampung kecil muhajar rt004/002 kebon jeruk jakarta barat dan sudah masuk ke dalam rumah warga mohon tindakannya user ðŸ™ðŸ™ url	5
user banjir area pemukiman padat penduduk rt 01/04 , kuningan barat , mampang prapatan , jakarta selatan.waspada.evakuasi motor ke area lebih tinggi . url	4
air sungai sudah mulai naik kejalanan.didaerah pondok labu.persiapan menghadapi banjir dengan begadang sambil beres2 barang2 yang penting sambil memantau muka tinggi air yang terus meninggi.cuaca masih hujan lebat.kemungkinan hashtag mulai jam 12 mlm ini.waspadalah banjir tiba url	5
golkar dki mengingatkan kondisi penularan corona di jakarta yang masih sangat tinggi bisa berpotensi terjadi penularan di tempat pengungsian . hashtag hashtag url	0
5. lebih aman dari banjir bogor berada di dataran tinggi , jadi lebih aman deh dari ancaman banjir . selain itu , karena penduduknya gak sepadat jakarta , masalah sampah bisa lebih ditangani dan gak mengganggu sirkulasi air pas musim hujan . say no to banjir !	0
5.tak hanya itu grace batubara juga dikenal sebagai sosok yang memiliki jiwa sosial tinggi , lihat saja pada saat banjir di cilincing jakarta februari lalu url user	0
mau balik ke jakarta , tp ada isu tsunami ( jkt dataran rendah ) , covidnya lagi tinggi bgt , ada psbb total , dan banjir . dinamika ibukota	0
cukup tinggi sehingga dapat mengakibatkan banjir bandang. , `` -badan meteorologi klimatologi dan geofisika ( bmkg ) oleh sebab itu , kami dari bidang 3 hmp tlm politeknik kesehatan jakarta iii meminta bantuan dari teman-teman semua untuk saudara kita yang ada di sukabumi . sekecil apa- url	0
pada awal tahun 2020 , di hashtag hadirlah hashtag hashtag hal tersebut terjadi kembali pada beberapa bulan berikutnya . kemudian terjadi hashtag dengan hashtag yang tinggi .	0
selama 2 thn anies menjadi gubernur jakarta , tinggi permukaan tanah jakarta sudah naik . hampir menyamai ketinggian tanah bogor dan puncak . kalaupun jakarta banjir itu cuma asumsi dan genangan . url	0
user tidak ada istilah banjir kiriman . itu pemikiran orang yang gak pernah sekolah . hakikat air mengalir itu dari tempat yang tinggi menuju tempat yang rendah . kalau tidak mau banjir ya naikkan ketinggian kota jakarta diatas bogor . pasti tidak akan banjir	0
user user jakarta banjirnya karena byk yang buang sampah sembarangan , trs juga byk lahan yang semakin habis diubah menjadi bangunan . ketika curah hujan tinggi dan daya serap menjadi rendah , disitulah air menggenang . jadi pembabatan hutan kelapa sawit berpengaruh besar thd banjir dikalimantan	0
* sekolah tinggi hanya jadi buzzer , mulut sudah mirip dubur , dan hobby nya mandi di kolam cebong . banjir jakarta , ade armando : di mana anies dan gerombolannya ? url	0
duka sukabumi adalah duka kita semua . sebagai bangsa yang menjunjung tinggi nilai persatuan dan gotong royong nampak bpbd , tni , polri , dan sejumlah relawan dari berbagai komunitas turut serta membantu penanganan pasca bencana . jakarta , 21 september 2020 hashtag hashtag url	0
user user jakarta banjit di era user cepat surutnya , jadi sangat wajar kalau banjir , lah sukabumi yang dataran tinggi saja banjir , yang kritik anies pastinya dr golongan rezim dungu	0
user dosen kok dungu ya , jangan kan jakarta , sukabumi yang dataran tinggi aja banjir . dosen kayak gini dipiara .	0
user user user malah niatnya nanti jakarta dijadiin dataran tinggi , biar tidak banjir	0
banjir di jakarta di laporkan mulai surut , genangan air juga sudah tidak begitu tinggi di beberapa wilayah di jakarta , jika dibandingkan pada senin malam kemarin.daerah yang paling parah terdampak banjir di jakarta , adalah wilayah jakarta timur terutama daerah kampung melayu	2
banjir jakarta mesti hati hati , kombinasi dengan kondisi covid yang tinggi user user user user user user user user user user user url	0
hujan dgn intensitas tinggi ditambah air kiriman dr bogor mnjadikan sejumlah wilayah jakarta dilanda banjir cebong mulai sibuk mnyerang dn mmbuly anies padahal unt mngatasi banjir di jakarta anies bekerja sampai malam anies mmantau pintu air manggarai url	1
user user sebagus apapun rencana dan strategi dki mengantisipasi banjir , kalau di hulu tidak diatur , pasti tetap kena kiriman . kami di bogor dan sukabumi yang posisinya lebih tinggi saja kebanjiran kemaren ini , kalian di jakarta pasti kena . tapi salut bisa surut cepat	0
intensitas hujan tinggi yang turun mengguyur kawasan jabodetabek , sejak senin malam , membuat sejumlah akses jalan di kebon jeruk jakarta barat , terendam banjir . banjir juga merendam ratusan rumah di dua rw , di kelurahan kreo , kota tangerang , banten . url url	3
intensitas hujan tinggi , 22 rt di jakarta barat terkena banjir setinggi 30-80 cm , ini lokasinya url hashtag hashtag	4
user jangankan jakarta sister , sukabumi yang dataran tinggi aja banjir	0
hujan dengan intensitas tinggi yang terjadi sejak senin ( 21/9 ) dan kiriman air pintu air katulampa menyebabkan banjir di sejumlah wilayah jakarta . bnpb mencatat hingga selasa ( 22/9 ) pukul 11.00 wib , sudah 104 jiwa yang mengungsi akibat banjir . hashtag url url	2
jakarta , buletinnusantara â€“ badan penanggulangan bencana daerah ( bpbd ) provinsi dki jakarta melaporkan perkembangan terkini banjir yang terjadi di jakarta pada senin ( 21/9 ) pukul 18.00 wib . sebelumnya , banjir yang dipicu oleh intensitas hujan tinggi danâ€¦ url	0
user melawan lupa . jangan ngeyel ya user ? selama dipimpin wan toa permukaan tanah jakarta sudah tinggi menyamai ketinggian puncak bogor . kalaupun jakarta banjir itu cuma asumsi ! url	0
banjir paling tinggi berada di wilayah jakarta timur . wilayah itu juga paling banyak ditemukan titik banjir yaitu 38 rt .	3
naiknya tinggi air bendungan katulampa ke siaga 1 pada senin ( 21/9 ) malam ditambah hujan di jakarta membuat sejumlah wilayah di ibu kota banjir .	3
akibat curah hujan tinggi serta luapan kali ciliwung , 30 ruas jalan umum di jakarta barat terendam banjir dengan ketinggian 30-80cm . url	3
siang zakar tah . banjir ditengah pendemi atau pendemi ditengah banjir ? user hashtag hashtag hashtag url bmkg memperingatkan potensi hujan dengan intensitas tinggi di berbagai wilayah dalam satu pekan ke depan .	0
hujan intensitas sedang sampai tinggi mengguyur jakarta pada kemarin malam ( 21/09 ) , ini 32 daftar ruas jalan yang masih terendam banjir . url	2
sebanyak 30 ruas jalan umum di jakarta barat terendam banjir dengan ketinggian 30-80 sentimeter ( cm ) akibat curah hujan tinggi serta luapan kali ciliwung , selasa pagi . url	3
senin malam ( 21/9 ) wilayah dki jakarta dan sekitarnya diguyur hujan dengan intensitas tinggi , khususnya di sebagian besar wilayah bogor merespon hal ini tim baznas tanggap bencana bersiap siaga untuk mengantisipasi banjir luapan sungai ciliwung yang saat ini dalam posisi siaga 1 url	2
user mohon do'anya agar jakarta tidak kena musibah . angka covid masih paling tinggi jangan ditambah musibah banjir ya alloh . cc : user	0
lagi covid kaya gini , udah mulai banjir jakarta krena curah hujan tinggi , masih aja ormas ribut haduh mikirnya apaan si - , -	0
sebanyak 30 ruas jalan umum di jakarta barat terendam banjir dengan ketinggian 30-80 sentimeter ( cm ) akibat curah hujan tinggi . hashtag hashtag hashtag hashtag url	3
url curah hujan tinggi , lebih dari 20 rt di jakarta masih tergenang banjir hashtag	2
tinggi air di 8 ruas jalan yang tergenang banjir di jakarta - metro tempo url	3
banjir jakarta , update tinggi muka air pagi ini url url	1
user user user kan potensi banjir rob tinggi di jakarta , terlebih lagi kondisi cuaca lagi ekstrim , banjir rob bisa muncul akibat fenomena cuaca ekstrim	0
corona lg tinggi tingginya tuh , jakarta ujan lebet , terus banjir . mukbang ga tu corona di pengungsian url	0
waspada jakarta banjir , ini tinggi muka air pukul 05.00 wib url url	0
ga kebayang si gimana degdegan nya orang jakarta soalnya udah jam tdr mereka harus prepare perabotan semua yang bisa di selametinðŸ˜” , dulu gua pernah alami kaya gini , ayah gue bulak balik ke tanggul cek air makin tinggi apa surutðŸ˜” semoga jangan sampe hashtag	0
ada yang kepikiran ga si , kenapa jakarta tuh banjir terus ? itu karena dataran nya menurun/perlahan ambruk ke bawah akibat banyak nya tekanan bangunan-bangunan tinggi di ibukota sehingga dataran nya hampir menyamai lautan	0
tinggi air di 8 ruas jalan yang tergenang banjir di jakarta url hashtag	3
pandemi masih tinggi , tanda-tanda banjir di jakarta udah mulai terlihat , sukabumi banjir bandang . ya allah , kuat-kuat yah kita di tahun 2020 ini ðŸ˜¥	0
jakarta barat ( bojong ) ujan hashtag , air makin lama makin tinggi , udah sebetis.apakah akan terulang banjir seperti tahun kemarin lagi ? mudah2an sih tidak	2
user user selow dirumah gua dataran tinggi kalo sini banjir jakarta kelelep	0
lumayan tinggi ini hashtag hashtag url	0
disclaimer : tinggi muka air di katulampa bukan satu-satunya faktor yang mempengaruhi seberapa parah banjir di jakarta . stay safe , semuanya !	1
kondisi di depan taman pemakaman umum karet bivak jakarta banjir lumayan tinggi hashtag hashtag hashtag hashtag hashtag hashtag hashtag hashtag url	3
! [ warning banjir ] ! khusus buat yang rumah nya di daerah deket kali ciliwung , hari ini jam 8 malem bendungan katulampa siaga 1 dengan tinggi 240 cm ! estimasi sampe di jakarta sekitar jam 2 pagi	4
jakarta : covid masih menjulang tinggi , disusul oleh banjir . pdhl belum musim hujan , apakabar bulan depan dan bulan2 banjirnya jktðŸ¤¦â€â™€ï¸ðŸ¤¦â€â™€ï¸	0
jakarta siap banjir bandang ya , air di bogor udh tinggi bgt ini kwkw	0
pada saat hujan deras , informasi dari bendungan katulampa jadi perhatian warga jakarta . skala alat pengamat di sana menjadi penentu kesiagaan terhadap banjir . inilah serba-serbi katulampa , mulai dari arti status siaga hingga tinggi muka air . hashtag - url url	1
hujan tinggi air sungai ciliwung di bendung katulampa , bogor mencapai 250 centimeter dan berstatus siaga 1 banjir untuk jakarta . url	3
tinggi muka air katulampa meningkat drastis , jakarta siapÂ² dpt banjir kiriman url	2
tinggi air muka ( tma ) sungai ciliwung di bendung katulampa naik . hingga pukul 18.20 wib ketinggian air melampaui dua meter tepatnya 250 centimeter . langganan banjir di jakarta harus waspada kiriman air dari bogor . url	3
hujan deras landa kawasan puncak sejak senin sore , debit air sungai ciliwung mengalami peningkatan . tinggi air di bendungan katulampa capai 250 cm , status siaga 1 banjir untuk jakarta url	3
hujan deras di wilayah bogor dan sekitarnya membuat tinggi muka air di bendungan katulampa mencapai 250cm . hal ini menyebabkan jakarta berstatus waspada banjir . apa yang harus dilakukan untuk menghadapinya ? simak informasinya di bawah ini . hashtag url	2
jakarta , sebagian bekasi , sebagian tangsel , early warning banjir yaa . tinggi muka air katulampa sudah tinggi .	0
bogor ujan deres . udah beredar di wag perihal tinggi muka air katulampa . besok bakal rame nih tl klo jakarta banjir . indeks bursa saham bisa turun lagi	0
gua gabisa ngebayangin bentar lagi kan musim hujan trus ini covid di jakarta masih tinggi , nanti klo banjir gimana ? tambah ruwet dah tuh jakarta .	0
user sedih banget kayak tinggi banjir jakarta	0
user user terus gak boleh hujan yak ? banjir itu apbl debit curah hujan tinggi di hulu ciliwung menumpuk di jakarta yang banyak rawa . wajar banjir di dataran rendah . ok url	2
user user walaupun hujan mulai turun di jakarta , bukan berarti tinggi permukaan air naik . tetapi kita meminta warga tetap waspada karena bukan berarti tidak terjadi banjir . bisa saja banjir , tapi bisa juga tidak banjir .	2
user kurang pas . dasar gakbener emang , jkt tingkat covid ny sangat tinggi dan meningkat terus bukti nyata gakbener gak becus megang dki mending hohok dan wiwi aman jakarta dari banjir . bisa ada tambahan uang 11 tilyun ntarðŸ¤£ðŸ¤£	0
hashtag banjir jakarta : pompa pasar ikan tinggi air 179 cm status siaga 3 , update 3 september 2020 09:50 wib - url hashtag	3
hashtag banjir jakarta : p.a . jembatan merah tinggi air 129 cm status siaga 3 , update 2 september 2020 09:50 wib - url hashtag	3
hashtag banjir jakarta : p.a . jembatan merah tinggi air 116 cm status siaga 3 , update 1 september 2020 07:50 wib - url hashtag	3
ada yang nanya : `` kok lu betah dah di jakarta , padahal kan panas '' `` jakarta kan polusinya tinggi '' `` jakarta juga kan macet , abis itu banjir lagi '' - because jakarta is wonderfull , dan jakarta adalah kebahagiaan .	0
waspada banjir jakarta : p.a . marina ancol tinggi air 191 cm status siaga 3 , update 30 agustus 2020 12:50 wib - url url	3
waspada banjir jakarta : pompa pasar ikan tinggi air 194 cm status siaga 3 , update 29 agustus 2020 13:50 wib - url url	3
waspada banjir jakarta : p.a . marina ancol tinggi air 188 cm status siaga 3 , update 29 agustus 2020 13:50 wib - url url	3
[ for sale ] rumah cantik 2 lantai di kemang jakarta selatan area model komplek , lokasi tenang , akses jalanan lebar 2 mobil , lokasi tinggi , bebas banjir spesifikasi : lt : 215 m lb : 320 m kt : 4+2 km : 3+1 shm +â€¦ url	0
hashtag banjir jakarta : p.a . jembatan merah tinggi air 121 cm status siaga 3 , update 28 agustus 2020 07:50 wib - url hashtag	3
- kawasan kumuh , pemerintah seharusnya bisa melakukan tata ruang wilayah yang ada dipinggiran sungai agar sampah di jakarta tidak menumpuk dan tidak menyebabkan banjir . - karena pengangguran juga tinggi , pemerintah juga bisa menyelesaikan lapangan kerj	
waspada banjir jakarta : p.a . jembatan merah tinggi air 115 cm status siaga 3 , update 28 agustus 2020 03:50 wib - url url	
hashtag banjir jakarta : p.a . flusing ancol tinggi air 191 cm status siaga 2 , update 25 agustus 2020 10:50 wib - url hashtag	
hashtag banjir jakarta : p.a . marina ancol tinggi air 195 cm status siaga 3 , update 25 agustus 2020 09:50 wib - url hashtag	
hashtag banjir jakarta : pompa pasar ikan tinggi air 198 cm status siaga 3 , update 25 agustus 2020 09:50 wib - url hashtag	
hashtag banjir jakarta : p.a . jembatan merah tinggi air 155 cm status siaga 2 , update 25 agustus 2020 08:50 wib - url hashtag	
gua liat video di youtube ngomonginnya banjir jakarta . permasalahan klasik banget . coba bawa ke topik yang lebih tinggi , misalnya sengketa laut perbatasan australia-indonesia . ni sengketa dah lama banget tapi sampe sekarang ga kelar kelar	
hashtag banjir jakarta : pompa pasar ikan tinggi air 181 cm status siaga 3 , update 23 agustus 2020 06:50 wib - url hashtag	
hashtag banjir jakarta : p.a . jembatan merah tinggi air 142 cm status siaga 3 , update 23 agustus 2020 05:50 wib - url hashtag	
hashtag banjir jakarta : p.a . marina ancol tinggi air 180 cm status siaga 3 , update 23 agustus 2020 05:50 wib - url hashtag	
hashtag banjir jakarta : p.a . flusing ancol tinggi air 182 cm status siaga 3 , update 23 agustus 2020 05:50 wib - url hashtag	
waspada banjir jakarta : p.a . istiqlal tinggi air 273 cm status siaga 3 , update 21 agustus 2020 02:50 wib - url url	
hashtag banjir jakarta : pompa pasar ikan tinggi air 204 cm status siaga 2 , update 20 agustus 2020 01:50 wib - url hashtag	
waspada banjir jakarta : pompa pasar ikan tinggi air 194 cm status siaga 3 , update 18 agustus 2020 15:50 wib - url url	
hashtag banjir jakarta : p.a . marina ancol tinggi air 174 cm status siaga 3 , update 15 agustus 2020 08:50 wib - url hashtag	
hashtag banjir jakarta : pompa pasar ikan tinggi air 175 cm status siaga 3 , update 15 agustus 2020 08:50 wib - url hashtag	
proyek kereta cepat jakarta-bandung disebut-sebut menjadi biang kerok terjadinya banjir di tol padaleunyi km 130 pada sore kemarin . menanggapi hal tersebut , corporate secretary pt kcic mengatakan , insiden banjir tersebut dikarenakan curah hujan yang tinggi . hashtag user	
user ilmu agama boleh tinggi , dan ceramah agama boleh jago lihat yang gk jelas kata nya salib aja gemetaran . apa lagi lihat salib beneran , bsa hangus kebakar ke vampir . eehh klu jakarta banjir lagi kira2 pak udtadz ngetwitt apa ? !	
hashtag banjir jakarta : pa jembatan merah tinggi air 115 cm status siaga 3 , update 12 agustus 2020 07:50 wib - url hashtag	
pemerintah kota jakarta pusat mulai mendata titik-titik evakuasi banjir akibat curah hujan yang diperkirakan memiliki intensitas tinggi dalam beberapa hari ke depan . hashtag hashtag user url	
user setuju dgn anis dki hrs punya alat pengukur curah hujan yang multi guna disebarkan ke tiap rw bahkan kencing wargapun hrs diukur , banjir jakarta tidak hanya curah hujan tinggi ma air kiriman jg disebabkan warga jakarta beser	
user user iya betul bro . emang pakai toa . jadi warga segera pindahkan kendaraan dan alat2x elektronik ketempat yang lebih tinggi . ini utk wilayah yang imbas banjir kiriman . klo debit katulampa tinggi . warga jakarta sudah siap2x estimasi 6 jam . sampai jakarta . gituuu .	
banjir jakarta itu dominan krn hujan didaerah puncak dan lainnya shg diadakan bendungan katulampa utk mengukur ketinggian air sungai yang melaluinya dan ada batasan pd tinggi tertentu akan mengakibatkan jakarta banjir serta ditambah curah hujan lokal dan penahan air kelaut spt rob .	
hashtag banjir jakarta : p.a . jembatan merah tinggi air 109 cm status siaga 3 , update 8 agustus 2020 06:50 wib - url hashtag	
hashtag banjir jakarta : p.a . marina ancol tinggi air 223 cm status siaga 2 , update 6 agustus 2020 21:50 wib - url hashtag	
user sudah diduga akan berkomentar spt itu . korban covid19 di jakarta tinggi , dia bersyukur . tingkat resesi tinggi , dibilang sdh diprediksi . nanti tidak lama lagi akan banjir , dia akan bilang sdh menduga tapi , sang gibernur tidak melakukan apa2 .	
user user user user prett , ngaku ngaku sendiri , yang nilai harus orang lain , covid19 saja tercemar paling tinggi se asia tenggara , banjir di era btp sdh mulai reda di jakarta , giliran kamu , banjir di jakarta merajalela lagi , prettt	
hashtag banjir jakarta : p.a . marina ancol tinggi air 213 cm status siaga 2 , update 5 agustus 2020 21:50 wib - url hashtag	
hashtag banjir jakarta : pompa pasar ikan tinggi air 218 cm status siaga 2 , update 5 agustus 2020 21:50 wib - url hashtag	
hashtag banjir jakarta : p.a . jembatan merah tinggi air 122 cm status siaga 3 , update 30 juli 2020 00:50 wib - url hashtag	
user user user user user user user user keunikan kotaku jakarta 1.banjir kanal 2.pusat perbelanjaan 3.kawasan menteng 4.gedung gedung tinggi 5. museum 6.kota tua 7.pulau seribu 8.ondel ondel ikutan yuk user user user hashtag	
hashtag banjir jakarta : pompa pasar ikan tinggi air 172 cm status siaga 3 , update 28 juli 2020 03:50 wib - url hashtag	
waspada banjir jakarta : p.a . jembatan merah tinggi air 125 cm status siaga 3 , update 27 juli 2020 14:50 wib - url url	
hashtag banjir jakarta : p.a . jembatan merah tinggi air 123 cm status siaga 3 , update 27 juli 2020 09:50 wib - url hashtag	
hashtag banjir jakarta : p.a . jembatan merah tinggi air 124 cm status siaga 3 , update 27 juli 2020 07:50 wib - url hashtag	
waspada banjir jakarta : p.a . marina ancol tinggi air 215 cm status siaga 2 , update 24 juli 2020 21:50 wib - url url	
waspada banjir jakarta : pompa pasar ikan tinggi air 175 cm status siaga 3 , update 24 juli 2020 13:50 wib - url url	
user user syukur dehðŸ¥ºkirain jakarta aja yang bisa banjir smpe tinggi bgt wkwk	
user ada yang engeh ga yah , tinggi banjirnya hampir sama kyk waktu banjir awal tahun di jakarta dan sekitarnya	
hashtag banjir jakarta : pompa pasar ikan tinggi air 199 cm status siaga 3 , update 23 juli 2020 03:50 wib - url hashtag	
hashtag banjir jakarta : p.a . jembatan merah tinggi air 110 cm status siaga 3 , update 23 juli 2020 03:50 wib - url hashtag	
hashtag banjir jakarta : p.a . jembatan merah tinggi air 112 cm status siaga 3 , update 22 juli 2020 03:50 wib - url hashtag	
hashtag banjir jakarta : pompa pasar ikan tinggi air 232 cm status siaga 2 , update 20 juli 2020 19:50 wib - url hashtag	
hashtag banjir jakarta : p.a . marina ancol tinggi air 233 cm status siaga 2 , update 20 juli 2020 19:50 wib - url hashtag	
hashtag banjir jakarta : p.a . jembatan merah tinggi air 112 cm status siaga 3 , update 18 juli 2020 21:50 wib - url hashtag	
hashtag banjir jakarta : pompa pasar ikan tinggi air 228 cm status siaga 2 , update 18 juli 2020 19:50 wib - url hashtag	
hashtag banjir jakarta : p.a . jembatan merah tinggi air 108 cm status siaga 3 , update 18 juli 2020 04:50 wib - url hashtag	
hashtag banjir jakarta : p.a . marina ancol tinggi air 227 cm status siaga 2 , update 17 juli 2020 22:50 wib - url hashtag	
hashtag banjir jakarta : p.a . jembatan merah tinggi air 105 cm status siaga 3 , update 17 juli 2020 03:50 wib - url hashtag	
hashtag banjir jakarta : p.a . marina ancol tinggi air 177 cm status siaga 3 , update 17 juli 2020 03:50 wib - url hashtag	
hashtag banjir jakarta : p.a . marina ancol tinggi air 180 cm status siaga 3 , update 17 juli 2020 02:50 wib - url hashtag	
user banjir , dl waktu kecil aku punya sodara org jakarta dia sering main ke rumah aku sambil bilang jakarta banjir mulu udh cape gua . jd ketanam diotak jakarta identik dengan banjir tp sekarang tidak ko beralih menjadi gedung tinggi maaf warga jakartaðŸ‘‰ðŸ‘ˆ	
waspada banjir jakarta : pompa pasar ikan tinggi air 214 cm status siaga 2 , update 12 juli 2020 21:50 wib - url url	
jika tidak ada rencana pengelolaan lh ( rkl ) yang memadai , mk akan terjadi degradasi kualitas lingkungan di kaw . laut teluk jakarta & amp ; banjir meningkat , baik sebaran horizontal maupun tinggi muka air banjir ( vertikal ) akibat pendangkalan & amp ; kenaikan muka air laut saat pasang maksimum . url	
pantesan ada yang klepek klepek ternyata `` menyelamatkan jakarta dari banjir '' . tapi pak user jangan pakai bahasa teelalu tinggi contoh `` sedimentasi '' ntar tetangga sebelah ga faham ðŸ¤£ðŸ¤£ ðŸ¤£ðŸ¤£	
waspada banjir jakarta : pompa pasar ikan tinggi air 237 cm status siaga 2 , update 7 juli 2020 21:50 wib - url url	
nemu gambar ini , kok miris dengan cara pak gub mengakali warga jakarta . padahal ada yang lebih penting dari museum , lho ! banjir masih masalah , kematian corona tinggi , bansos kurang duit , rumah murah utk jkt ngga terjangkau . url	
waspada banjir jakarta : p.a . jembatan merah tinggi air 159 cm status siaga 2 , update 3 juli 2020 21:50 wib - url url	
user user siapapun gubernurnya nya ya emang jakarta akan banjir kalau curah hujannya tinggi , lo kalau tolol dan goblok jangan diborong semua donk bambank .	
macet , polusi , banjir , demo , kerlap kerelip lampu , beton tinggi , ketimpangan sosial , ditambah oe baru baru bangun jam segini ( kecapean dari kerja ) dan baru ngeh ternyata belum mandi . selamat ulang tahun jakarta dengan segala bentuk kasih sayangnya .	
posted â€¢ user siaran pers pesisir dan perairan sekitar pulau jawa hingga sumba berpotensi terdampak rob dan gelombang tinggi * jakarta - kamis ( 18/6 ) , setelah terdampak limpasan banjir pesisir ( rob ) padaâ€¦ url	
* siaran pers * * pesisir dan perairan sekitar pulau jawa hingga sumba berpotensi terdampak rob dan gelombang tinggi * jakarta - kamis ( 18/6 ) , setelah terdampak limpasan banjir pesisir ( rob ) pada awal juni lalu , â€¦ url	
user user banjir berjilid-jilid di jakarta karena sunatuloh iyaâ“â“â“ airnya tak mau antri masuk ketanah ni yee ðŸ˜ðŸ¤” dan airnya susah diatur ni yee . ðŸ¤£ðŸ¤£ saya sih merasa paling hebat iman , tinggi ahklak ðŸ¤”ðŸ˜ðŸ¤”ðŸ˜ padahal saya sebenarya dangkal budi pekerti hashtag	
waspada banjir jakarta : p.a . jembatan merah tinggi air 165 cm status siaga 2 , update 12 juni 2020 20:50 wib - url url	
banjir rob di kawasan muara angke , pluit , penjaringan , jakarta utara , sabtu ( 6/6/2020 ) . menurut badan meteorologi , klimatologi dan geofisika ( bmkg ) rob disebabkan oleh kondisi pasang air yang cukup tinggi di beberapaâ€¦ url	
user user user gini nih kalau otaknya lebih tinggi dari pantat . bukan saya belain pak anis . saya tinggal di jateng . banjir rob bukan cuma di jakarta.tapi semua wilayah pantura terkena banjir rob saya buka buzzer hanya meluruskan omongan anda kalau tidak percaya monggoh di telusuri	
banjir rob rendam pesisir jakarta : banjir rob rendam pesisir jakarta . bmkg menyebutkan potensi rob di perairan utara jawa disebabkan oleh kondisi pasang air laut yang cukup tinggi akibat fase bulan purnama dan gelombang tinggi hingga 4 meter . url	
pak anis perlu memperhatikan kondisi warganya yang banjir ini jgn hanya fokus ke covid 19 url pagi ini kompleks pantai mutiara , jakarta utara , masih terendam banjir rob . meski demikian , tinggi air mulai mengalami penurunan .	
warga melintasi banjir air laut ( rob ) di kawasan muara baru , penjaringan , jakarta utara , jumat ( 5/6/2020 ) . menurut bmkg , rob disebabkan oleh pasang laut yang cukup tinggi di beberapa wilayah indonesia . foto : m risyal hidayat url url	
banjir rob dikawasan lodan , ancol jakarta utara tinggi air mencapai 60 cm semoga bisa cepat dikendalikan user user url	
elektabilitas anies disebut turun karena banjir , pks : harapan publik tinggi pks menanggapi terkait hasil survei ppi yang menyebut elektabilitas gubernur dki jakarta anies baswedan untuk pilpres 2024 turun karena masalah banjir . url	
peringatan dini potensi gelombang tinggi dan banjir pesisir ( rob ) di provinsi dki jakarta kamis , 4 juni 2020 hashtag hashtag hashtag hashtag info lengkap & gt ; & gt ; & gt ; url sumber : user	
waspada banjir jakarta : p.a . jembatan merah tinggi air 183 cm status siaga 2 , update 1 juni 2020 10:50 wib - url url	
waspada banjir jakarta : p.a . marina ancol tinggi air 214 cm status siaga 2 , update 30 mei 2020 19:50 wib - url url	
tinggi permukaan air katulampa 140 cm , jakarta waspada banjir url	
user jakarta waspada banjir , debit sungai ciliwung di katulampa sudah menurun tinggi url	
user jakarta waspada banjir , debit sungai ciliwung di katulampa sudah menurun tinggi url	
user wkwkwkkwwk makanya ðŸ˜‚ðŸ˜‚ lagipula kalo di tempatku banjir , jakarta bisa tenggelem ðŸ˜‘ tempatku tinggi soalnya ðŸ˜…	
oke lanjut ke kota bogor yang punya ( sebutan : kota hujan ) karena memang di bogor menjadi salah satu kota yang punya curah hujan yang tinggi , tapi yang sedih adalah jakarta , yang hujan di bogor tapi yang banjir di jkt , yaudah semangat aja buat shobat ibukota : )	
waspada banjir jakarta : p.a . jembatan merah tinggi air 147 cm status siaga 3 , update 10 mei 2020 10:50 wib - url url	
waspada banjir jakarta : p.a . jembatan merah tinggi air 161 cm status siaga 2 , update 8 mei 2020 09:50 wib - url url	
tinggi muka air sempat 100 cm , bendung katulampa saat ini siaga iv `` tinggi air sungai ciliwung saat ini sudah turun ke 80 centimeter , status siaga iv banjir untuk jakarta , `` kata petugas bendung katulampa , andi . url	
waspada banjir jakarta : p.a . marina ancol tinggi air 203 cm status siaga 2 , update 4 mei 2020 09:50 wib - url url	
di tengah psbb covid-19 , 20 rw di jakarta terendam banjir . insaf menjelaskan , 20 rw tergenang banjir ialah di kelurahan bangka ada 4 rw , ketinggian air 20 sampai 90 cm , akibat luapan kali mampang dan curah hujan tinggi . url	
hashtag ðŸ–•ðŸ‘‰kondisi banjir di jl . fatmawati raya , jakarta selatan sekitar stasiun mrt cipete , senin , 27/4/2020 sore . : mohon hati2 bila melewati jl . fatmawati raya , kondisi banjir dan cukup tinggi . : ini cobaan jangan marah siapkan hashtag lalu keliling jakarta.ðŸ˜­ðŸ˜­ : banjir url	
jakarta , buletinnusantara â€“ jalur penghubung antara kabanjahe dan kuta buluh di kabupaten karo , sumatera utara , terputus karena banjir lahar hujan pada kamis lalu ( 23/4 ) . banjir tersebut dipicu oleh intensitas hujan yang tinggi di puncak gunungâ€¦ url	
user user wkwkwk , beliau tau apa yang beliau bicarakan , dan itu pastinya dpt dipertanggung jawabkan . klo yang bicara bukan dokter yang ahli , baruu itu namanya asal tanpa ada tanggungjawab klo msalkan , curah hujan tinggi , lalu pakar bilang , nnti jakarta akan banjir , itu pakar ksh prediksi buruk ?	
user assalamualaikum bpk capil saya mau lapor . saya di jakarta hbs kebanjiran pak semua surat '' saya hbs hanyut ke bwa banjir dan saya mau lapor mau pindah dri tebing tinggi ke jakarta	
udah kena macet , panas , overpupulated , overpolution , banjir , dan korona . hebat lah orang jakarta-sekitarnya ini pasti udah selevel lebih tinggi dari new york-ers	
user user user user dr dulu jakarta udah banjir nyet tp sekarang sdh berkurang titiknya apalagi curah hujan lebih tinggi dr tahun kemarin . kl fitnah liat data nyet jgn asal jeplak lu irg jakarta bkn ? url	
menurut beliau peluang terjadinya bencana alam seperti banjir , gempa , tsunami juga terbilang tinggi . bukannya cocokologi bencana alam didunia tahun ini memang banyak , seperti banjir di jakarta , kebakaran di australia dan dari berbagai daerah lainnya .	
akibat hujan deras , banjir menggenangi sejumlah ruas jalan di jakarta . ada yang masih bisa dilewati kendaraan , ada jugyang genangannya terlalu tinggi . url	
jakarta 3 bulan berturut turut banjir terus , ada yang meninggal juga akibat banjir kesetrum . belum lg akibatnya kayak dbd , diare dsb . eh wan getar liat tren kematian tinggi malah nyalain corona . ðŸ˜‚ðŸ˜‚	
user user user klo emang wisata biang keladi , mestinya skrg angka positif di bali jauh lebihi daerah2 lain . nyatanya kan enggak . kenapa jakarta yang tinggi banget ? krn covid-19 semacam flu yang gampang nular org yang kondisinya jelek . sdgkan jakarta sdg ga sehat banget gara2 barusan banjir parah .	
fenomena aneh dimana banjir di jakarta menjadi bening bersih , lalu hidup dan menelan orangÂ² kejadian ini bermula ketika satria masih kelas 1 smp , rumahnya tibaÂ² ditelan air bersih . untungnya satria berhasil diselamatkan , lalu satria dipindah ke kota yang lebih tinggi seperti bogor	
begitu gempa udah selesai gue berhenti sholat , dan gue pulang ke jakarta untuk dwp.pada saat gue pulang ke jakarta , tuhan kasi bencana lagi tuhan kirim banjir dimana2 pda saat itu gue lagi diclub party.setelah clos gue kaget kalau didpn banjir tinggi.dan gue	
asya , hunian nyaman bebas banjir yang terletak di jakarta timur . terletak ditengah kota , asya memiliki nilai jual yang tinggi karena akses transportasi yang mudah . kunjungi website kami di url untuk informasi lebih lanjut . hashtag hashtag hashtag url	
user user user user banjir jakarta kemarin di karena kan curah hujan tinggi , kemudian efaj penyumbatan pada beberapa titik di karenakan pembangunan jalan tol dan galian kabel .	
permukiman warga di kebon pala , kecamatan kampung melayu , jakarta timur , terendam banjir dengan tinggi muka air hingga satu meter akibat luapan kali ciliwung , jumat ( 27/3/2020 ) dini hari . hashtag hashtag hashtag hashtag url	
[ bp ] curah hujan tinggi , 7 rw di jakarta tergenang banjir url	
curah hujan yang tinggi sejak siang sampai sore hari membuat beberapa kawasan di jakarta dilanda banjir . url	
url curah hujan yang tinggi sejak siang sampai sore hari membuat beberapa kawasan di jakarta dilanda banjir .	
curah hujan yang tinggi sejak siang sampai sore hari membuat beberapa kawasan di jakarta mengalami banjir . url	
user curah hujan tinggi , 7 rw di jakarta tergenang banjir curah hujan yang tinggi sej url	
jakarta waspada banjir , tinggi air pos pesanggarahan siaga 3 url	
user jakarta red zone corona ? gmana ga red zone , tiap hari kekebalan badan digempur banjir banjir banjir , stres macet , polusi tinggi plus harga gorengan yang naik ðŸ˜­ðŸ˜­	
org bego itu . kritik anis tentang banjir mati2 an . tp liat ekonomi nyusruk yang berdampak nasional meneng bae . jakarta ga ada se upil nya indonesia pendidikan lo tinggi tp bego amat . hashtag	
user user user user user besok banjir kynya , td dr bmkg bilang ujan sampe malem di jakarta , bogor jg ujan dr jam 2 siang . jd ya besok ngilang lagi mungkin wkwkwkwk . kemang dah tinggi tadi ane liat ada video nya di timeline . sekda lagi sosialisasi , biar terkenal dunia akhirat	
cov19 lagi marak , terus jakarta mulai ujan lagi yang dimana potensi bakal banjir nya tinggi , fix menular lewat air itu virus	
user mbak coba berpikir sejenak deh , banjir terjadi memang karena curah hujan tinggi . , kota jakarta sudah sangat padet . kalo mbaknya emg orang hebat kenapa ga ikut bantu nanganin masalah di jakarta .	
user user setuju ni . dari awal dia sadar betul , banjir uda bikin warga terhalsng aktifitas , tapi kalo virus yang nyerang , perekonomian jabodtabek bisa mati karna pesebaran penduduk dan aktivitas jakarta tinggi	
user user user ini lagi . woy orang batak , kalau gak suka banjir jakarta , mudik aja ke tanah batak , cari dataran paling tinggi buat bermukim , kaya elo tau aja sejarah jakarta , sejak jan kompeni jakarta sdh banjir	
2020 baru 3 bulan dan udah banyak bgt hal yang bikin kaget . mulai dari banjir jakarta-bekasi yang setinggi tinggi atap rumah sampe virus yang bikin beberapa tempat ditutup sementara . stay safe semuaðŸ¥º	
user ini kenapa yang tadinya bukan langganan banjir jd was was trus hujan turun jd takut banjir ini udh 8 x loh selama dari januari banjir masuk rumah . kayu tinggi kelurahan cakung timur jakarta timur	
curah hujan yang tinggi mengakibatkan jakarta dilanda banjir sebanyak 6 kali dalam 2 bulan terakhir di awal 2020. dampaknya adalah banyak wilayah terutama perumahan di jakarta yang mengalami terendam air . sehingga berakibat kerugian baik material maupun inmaterial . url	
menurut kepala suku dinas kesehatan jakarta timur indra setiawan , kasus dbd di wilayah itu cukup tinggi sebagai dampak banjir yang sempat melanda wilayah itu beberapa kali pada januari hingga februari lalu . url	
user alhamdulillah banjir jadi berkah jakarta genting , corona masker mahal alhamdulillah daya beli tinggi hebat you user sederetan predikat telah anda raih . dari gubernur tergoblok sedunia hingga gubernur alhamdulillah . semoga jualan sajadah anda lares manesss	
masker dri 25 rb di jual 350 rb wan abut bilang alhamdulilah faya beli tinggi , pemerintah gencar melakuakn rasia masker . yang lain bersyukur . hahahah aku ngakak ampe kentut . jakarta loe mampos punya pemimpim kayak gini , banjir aja harus bersyukurðŸ˜€ðŸ˜€ðŸ˜€ url	
user user user user koq terlalu jauh apa bong , yang berjanji bisa tangani banjir dan macet jakarta masih ada dan masih bertengger tuh , dan orangnya juga tinggal di jakarta , jabtan jg lebih tinggi dr gub . punya junjungan cuma omdo . pendusta . titik	
user user user user yang namanya fenomena alam dgn cur ah hujan lebih tinggi apa mungkin bisa ditanggulamgi . jakarta dari dulu juga selalu banjir	
user user twit pertama ente bicara penduduk terdampak banjir sampai 5x . kalau bicara jakarta beda lagi . 2020 dihitung atas 2x banjir besar krn hujan intensitas tinggi kerugiannya masih lebih sedikit dibandingkan dgn yang 1x banjir besar juga akibat hujan intensitas tinggi dithn2 sblmnya . url	
user barang2 yang bisa dinaekin ke tempat tinggi , ayo dipindah2in shin . buat jaga2 aza yaa , semoga ujan gk deras2 amat , aduuh warga jakarta pun klo ujan skrg cemas banjir huhuu	
user user user bogor depok bekasi jga masuk dki jakarta ya ? aduhh berarti bener2 parah anies ini , bogor dari gua lahir belum pernah gua denger kena banjir , baru sekarang ini . logikanya jga kan bogor dataran tinggi ya , kok bisa sampe banjir ? wahhh bener2 parah anies ini .	
kebanyakan permasalahan itu ada di lapangan , dan saya melihatnya ketika turun ke lapangan . jadi kalau sistem drainase dan penanganan banjir benar , walaupun curah hujan dengan intensitas yang tinggi terjadi di jakarta dan sekitarnya .	
awal tahun 2020 , jakarta , bekasi dan sekitarnya kembali tak mampu menghadapi curah hujan tinggi dan cuaca ekstrim . bagaimana sebenarnya kesiapan pemprov dki selama ini ? bagaimana pula suara warga korban banjir kali ini ? saksikan fakta jam 21.00 wib hanya di tvone . hashtag url	
`` seperti imbauan presiden , masyarakat jangan terlalu panik . bahwa waspada tinggi iya dan kita akan koordinasikan dengan masing-masing daerah termasuk rs akan kita perbanyak rs rujukan , `` ujarnya usai menghadiri fgd penanganan bencana banjir dki jakarta di kantor bnpb , senin ( 2/3 ) . url	
awal tahun 2020 , jakarta , bekasi dan sekitarnya kembali tak mampu menghadapi curah hujan tinggi dan cuaca ekstrim . bagaimana sebenarnya kesiapan pemprov dki selama ini ? bagaimana pula suara warga korban banjir kali ini ? saksikan fakta jam 21.00 wib hanya di tvone . hashtag url	
awal tahun 2020 , jakarta , bekasi dan sekitarnya kembali tak mampu menghadapi curah hujan tinggi dan cuaca ekstrim . bagaimana sebenarnya kesiapan pemprov dki selama ini ? bagaimana pula suara warga korban banjir kali ini ? saksikan fakta jam 21.00 wib hanya di tvone . hashtag url	
intensitas hujan di jakarta dan sekitarnya hari ini di laporkan masih tinggi , bmkg mengkhawatirkan akan adanya potensi banjir besar di ibukota negara jajahan belanda ini akan kembali terjadi setelah sempat menyurut .	
awal tahun 2020 , jakarta , bekasi dan sekitarnya kembali tak mampu menghadapi curah hujan tinggi dan cuaca ekstrim . bagaimana sebenarnya kesiapan pemprov dki selama ini ? bagaimana pula suara warga korban banjir kali ini ? saksikan fakta jam 21.00 wib hanya di tvone . hashtag url	
awal tahun 2020 , jakarta , bekasi dan sekitarnya kembali tak mampu menghadapi curah hujan tinggi dan cuaca ekstrim . bagaimana sebenarnya kesiapan pemprov dki selama ini ? bagaimana pula suara warga korban banjir kali ini ? saksikan fakta jam 21.00 wib hanya di tvone . hashtag url	
user emng sekarang lagi curah hujan tinggi to di jakarta ya jadi nya peluang banjir ikut besar mbak , coba analisa lagi lah sebelum twet sesuatu biar kita semakin pintar dan bijak menyikapi sesuatu	
banjir melanda sejumlah wilayah di indonesia , termasuk di jakarta . curah hujan yang tinggi membuat sejumlah kawasan di ibukota terkena banjir . berikut ini 5 hal penting saat terjadi banjir ! hashtag hashtag hashtag url	
banjir , saya dulu berpikir banyak orang pintar hidup di ibukota , dari profesor sampai berpangkat tinggi . ternyata dari hancurnya serta terpilihnya gubenur tertolol di dunia membuat saya binggung . apa benar jakarta kumpulan orang hebat . ohhh ternyata hanya ilusi	
salut ya sama sabarnya orang jakarta atau wilayah yang langganan banjir , yang tiap hujan gede pasti kena musibah . bahkan sampe atap rumah tinggi banjirnya . lah ini , baru sebetis/selutut aja ngeluh nya luar biasa astagfirullah : (	
user 5 cara jitoe atasi banjir selamanya di dki jakarta adalah sbb : 1. tingkatkan & amp ; tegaskan aturan pelaksanaan kontrolisasi penggunaan air bawah tanah ( abt ) kpd gedung-gedung bertingkat tinggi , usaha-usaha pencucian kenderaan & amp ; rumah mewah bertingkat . ( bersambung . )	
banjir jakarta 2020 lebih tinggi ketinggian air dibandingkan tahun2 sebelumnya , kecuali 2006/2007 . banjir lebih tinggi , kerugian lebih rendah , apa mungkin ? kenapa user cabang jakarta tidak menghitung kerugian di masyarakat umum ? user user user	
user kerugian banjir jakarta 2020 lebih rendah daripada 2015 , 2014 , dan 2013. tapi yang nyinyirin lebih tinggi daripada 2015 , 2014 , dan 2013	
hujan bukan salah gubernurnya , tapi kalo udah kejadian sebulan lebih lalu dan hari gini banjir tinggi lagi , jakarta belajar apa ?	
user user kira - kira kalau kota bisa di katakan tenggelam itu sampai berapa meter tinggi banjir nya ? `` `` cuma semata kaki aja sudah bisa di katakan kota bakal tenggelam kawan '' hah ? gila lu masa semata kaki aja sudah tenggelam jakarta ? `` `` iya maksud gua sih semata kaki monas	
lalu supaya diimbangi disuruh median survei bayaran pks yang prabowo subianto elektabilitasnya paling tinggi . karena sudah banjir jakarta , maka rusak elektabilitas si anies baswedan . maka tinggal 1 survei yaitu median . org disuruh percaya pks dan survei bayaran pks .	
hujan , kenapa sih intesitasnya tinggi . kan jakarta jadi banjir . mbok kalo turun dikit-dikit aja , gerimis gtðŸ¤£ðŸ¤£ðŸ™ˆðŸ™ˆ	
user jatinangor yang dataran tinggi saja kena banjir , dan kejadian banjir baru tahun ini .apalagi jakarta .	
user heeeeii . user . ahok dan jokowi bisa tangani banjir jakarta walau curah hujan tinggi . lu punya otak dipake ! ngelola jakarta bukan pakai mulut . pake otak ! . onta goblok !	
user respon curah hujan yang tinggi ? helloooo . respon dulu penduduk jakarta yang kena banjir , respon dulu gimna pendukung2 mu dulu yang kecewa sama kinerjamu skrg.bahasalu halus tnpa dosaaa sumpah	
user user user user mana buktinya . ? sekarang junjungan mu sudah jadi presiden lho . ayo buktikan bisa atasi banjir di jakarta . harusnya kalo udah jadi presiden wewenang nya lebih tinggi dibandingkan seorang gubernur ðŸ˜	
user user abrasi berkurang , tinggi dataran jakarta bertambah komparasi parameternya banjir di rt/rw berkurang . mohon dg sangat ada yang lebih lucu dr narasi logika yang dibangun tom n jerry taw toy story .	
lah . piyee toh , kok malah tanya . uda jelas : mengatasi banjir di jakarta itu gampang , saat banjir datang ya naik aja ditempat yang lebih tinggi , otomatis kita sudah mengatasi banjir . yang sulit itu mengatasi air turun dari langit , itu yang lebih sulit . begitu khan pak user ?	
mungkin buat bandung , rancaekek & amp ; jakarta bermainlah ke cianjur biar tau kenapa di cianjur susah banjir mungkin cianjur dataran tinggi ? ya mungkin	
jakarta banjir , anies baswedan kembali salahkan curah hujan tinggi url user ini idola user wan aibon nyalahkan hujan.gak sekalian nyalahkan yang bikin hujan . ini anies melanggar sunatulah	
fix jelas , fktor banjir krn drainase.jgn salahin curah hujan tinggi . gabener emang ga bs kerja ! url `` dari 83 lokasi banjir yang kami survei di dki jakarta , kami memperoleh , 71 titik banjir disebabkan oleh drainase yang tidak berfungsi , `` kata bambang .	
kami menciptakan oxy sebagai bentuk dari kepedulian dan keresahan kami , sekaligus kampanye dari fenomena banjir dan udara berpolusi tinggi yang kini dilanda oleh kota jakarta . kami bukan hashtag user user hashtag hashtag hashtag	
user blm lg curah hujan emg lg tinggi , gue aja ini dom bdg sore ini hujan awet bgt , gmna jakarta ? jkt dulunya jg emg rawa dan emg udh langganan banjir pas masih jaman belanda , ya mau gimana ? klo d blg bebas ya kgk bsa , bisanya d minimalisir	
kamis ( 27/2 ) user melakukan sidak rumah pompa di kebon baru , pengadegan , dan waduk pluit untuk memastikan bahwa pompa berfungsi dengan baik , khususnya pada curah hujan yang cukup tinggi belakangan ini user user hashtag hashtag hashtag url	
user user caranya fer ? lu pindah aja dr jakarta ke bukit tinggi ga kena banjir lu ato ke jogja ga kena banjir lu dipake otaknya utk berpikir taktis & amp ; strategis	
kinerja pak anies soal banjir layak dievaluasi secara serius . sudah saatnya pegang wewenang lebih tinggi krn utk mengatasi banjir jakarta akan mudah jk jd presiden . jelaskan pd publik apa rencana beliau atasi banjir jk menjabat presiden . orang sblmnya tidak benarÂ² melakukannya . url	
user padahal banjir kemarin bukan banjir kiriman tetapi akibat curah hujan tinggi di jakarta . berarti sistem drainase jakarta yang salah dan tugas gubernur untuk menata drainase tsb . uang apbd nya habis untuk pembangunan trotoar ( pentingnya selfi ) , formula e dan beli aibon sih . ðŸ˜	
user kalo tata kotanya & amp ; perencanaannya bagus , banjir bisa diminimalisir . ga bilang ga bakal ada banjir , secara topografi , lokasi jakarta emg prone banjir . angka pengembangan kota yang tinggi harus dibarengi dengan risk management , termasuk frm yang baik juga .	
alai besar teknologi modifikasi cuaca , badan pengkajian dan penerapan teknologi ( bbtmc-bppt ) menambah armada dengan teknik flare dalam upaya antisipasi dan mengurangi ancaman banjir akibat curah hujan tinggi di jakarta . url url	
banjir di jakarta memasuki hari ke empat , di laporkan sudah mulai menyurut.meskipun demikian , intensitas hujan di jakarta masih tinggi , hal ini di khawatirkan akan memicu terjadinya banjir kembali di ibukota negara jajahan belanda ini .	
kebijaksanaan adalah rumah yang baik untuk semua orang -kaya dan miskin- di jakarta baru . gunakan kembali rencana bangunan bersejarah , gunakan kembali bahan bangunan . bangun lebih tinggi dengan semua infrastruktur , pabrik daur ulang air , energi matahari , panas bumi.jakarta banjir	
user jangan salahin kebijakan kalo tempat ada yang dataran rendah dan tinggi pasti yang kena dataran rendah lahh , dari dulu jakarta emg dijulukin kote aer karena emg selalu banjir .	
user titip : ini sebenarnya politis . dengan intensitas curah hujan yang lebih tinggi dari periode2 sebelumnya dan yang terdampak banjir dari rw yang ada di jakarta lebih sedikit juga waktu surut yang lebih cepat seharusnya jika dipikir secara jernih . sudah jauh lebih baik penanganannya .	
setelah itu tercatat hampir 2 bulan jakarta sudah mengalami banjir sebanyak 3 kali dengan permasaahan yang hampir sama yaitu bukan banjir kiriman dengan tetap berpatokan kepada curah hujan tinggi yang menjadi penyebab utama .	
mari kita anggap apa yang dikatakan pihak bmkg tentang curah hujan tinggi yang terjadi saat ini menjadi salah satu penyebab banjir di jakarta . url	
sudaryatno : saya minta kepada bapak gubernur dki jakarta , mohon gorong-gorong dibuat lebih tinggi . hashtag hashtag hashtag	
user user jakarta padat penduduk , serta pergerakan ekonomi yang tinggi , serta kebutuhan tempat tinggal dan sarana bisnis terus berkembang . gubernur yang terpilih tidak bisahnya berharap keadaan sekarang bisa sama nanti kedepannya . bila perencanaan pencegahan banjir tdak lbih modren	
user user di daerah jakarta telukgong masih belum surut . kasian mereka berhari hari terendam banjir dan tinggi juga banjirnya . bagaimana kehidupan sehari hari mereka yang perlu air bersih , listrik , makanan.bagaimana mereka yang bekerja dan kerugian kerugian dari efek banjir tersebut	
hujan yang terjadi akhir-akhir ini mengakibatkan jakarta dan sekitarnya terkena dampak banjir yang luar biasa . banjir disebabkan oleh curah hujan yang tinggi , air sungai yang meluap , tidak adanya resapan air , atauâ€¦ url	
user sebenarnya banjir jakarta tidak bs 100 % dihilangkan . hnya saja masy n netijen yang kritis melihat efektifitas n efisiensi kebijakan penanganan banjir apalagi apesnya skrg daya kritis masy smkin tinggi ditmbh bencana banjir yang scr sporadis	
karna curah hujan tinggi jadi banjirnya dinikmatin aja , wkwkwk rusakkkk pernyataan macam apa itu hashtag	
user user karwna dia tahu sia tidak punya program utk mengatasi banjir jakarta . ! yang ada dia pengen sekali mencalonkan diri jadi presiden . ! halah halah ndo , kerja aja kagak becus kok nafsu nya malah lebih tinggi ? pantes saja dipecat jadi mentri	
selamat pagi pemprov dki jakarta . lapor , di sepanjang jalan kayu tinggi sampai kampung kandang sapi , rorotan , babek tni , sampah2 warga paska banjir banyak menumpuk di pinggir jalan , sudah 2 hari belum diangkut dinas kebersihan . tolong dibantu , terima kasih user	
curah hujan yang tinggi mengakibatkan musibah banjir kembali melanda ibu kota jakarta . oleh karena itu , partai nadem cepat tanggap kirimkan bantuan makanan siap saji kepada masyarakat korban banjir . selengkapnya url hashtag	
09.12 hashtag - jakarta dilanda banjir sebanyak enam kali dalam dua bulan terakhir di awal 2020. curah hujan yang tinggi harus diimbangi dengan keberadaan sistem drainase yang memadai .	
jakarta dilanda banjir sebanyak enam kali dalam dua bulan terakhir di awal 2020. curah hujan yang tinggi harus diimbangi dengan keberadaan sistem drainase yang memadai . hashtag hashtag url	
user user user user user kolamnya bukan cuma jakarta ndoro , krn memang curuh hujan tinggi , jabar ya banjir , jateng juga banjir . dan respon pemprov jakarta yang terbaik . gerak cepat pasca banjir lewat layanan aduan .	
user user user user user user salahnya dki itu hanya karena curah hujan yang tinggi , hukum alam yang dilawan . dan yang berjanji palsu bisa manage banjir & amp ; macet jakarta setelah jadi presiden pun pura2 lupa . banjir dimana-mana , gubernur seluruh indonesia memang harus bertanggung jawab ðŸ˜‚	
user user user konsep gubernur mengatasi banjir di jakarta air nya jgn dibuang ke laut tapi dikembalikan ke tanah untuk digunakan.curah hujan yang tinggi , drainase yang nga beres terus aliran sungai sdh di beton sana sini ya air nya meluap kemana mana	
user ini gue di cikarang banjir jg memang intensitas hujan tinggi udah 2 hari berturut2 kena banjir . contoh : bandung banjir , lalu abu janda ( orang bandung ) demo ke jakarta demoin anies , kan goblok . banyak yang terdampak banjir yang ribut jakarta doang . ampun dah politik kebencian	
user user memang politisasi isi banjir jakarta itu berbiaya tinggi , tapi jangan sampailah anggata subsidi utk rakyat ( yang dicabut ) dialihkan utk membiayai `` influencer '' . ðŸ™ðŸ˜Ÿâ˜¹ï¸ hashtag hashtag	
user zaman ahok banjir jakarta itu karna allah murka dengan pemimpin penista agama , ketika zaman 4n ! 3s banjir jakarta itu karena intensitas hujan yang tinggi ,	
user hampir banyak banjir di dataran rendah pulau jawa ( bukan saja jakarta ) akibat kinerja catchment sub das hulu nya yang semakin rendah . perlu kebijakan membatasi kawasan cepat tumbuh pada kab/kota yang berada didataran tinggi sebagai awal mula sub das hulu .	
user user user user jakarta berdekatan dengan bekasi mas , kemarin rumah saya banjir karena hujan tapi ngga tinggi , trus g hujan tapi air makin tinggi . karena katanya banjir kiriman .	
user `` berkaca pada tahun baru , bogor juga banjir akibat luapan sungai yang menuju bekasi dan lebak . ciliwung ada tapi tidak begitu hebat tinggi airnya . mungkin ada kontribusi ke banjir jakarta , tapi tidak seluruhnya dari bogor . '' bupati bogor , ade yasin hashtag	
simpel si lo kalau ga mau banjir di jakarta cabut aje balik ke kampung lo dari nenek lo masih belajar jalan juga jakarta banjir hukum alam air mengalir dari dataran tinggi ke dataran rendah kalau yang dataran tinggi aje masih banjir masa dataran rendah ga mau banjir url	
ironinya , sudah tahu jakarta rawan banjir , ntah karena curah hujan yang tinggi atau karena banjir kiriman , mengapa gub . dki dan jajarannya tidak menyiapkan strategi pengkalan sebelum banjir ?	
user bukan mengalihkan isu boss , ini gue di cikarang banjir jg memang intensitas hujan tinggi udah 2 hari berturut2 kena banjir . contoh : bandung banjir , lalu abu janda ( orang bandung ) demo ke jakarta demoin anies , kan goblok . banyak yang terdampak banjir yang ribut jkt doang . cebong gblk	
intensitas hujan tinggi , bekasi banjir , cikarang banjir , jakarta banjir , bandung banjir . ini pasti semua salah anies . ! ðŸ¤£ðŸ¤£ðŸ¤£ðŸ¤£ðŸ¤£ðŸ¤£ hashtag url	
relawan bk3s dki jakarta membantu posko dapur umum utk korban banjir di kel.serdadang & amp ; membantu mendisribusikan makanan di kel.tanah tinggi jakpus user user user user user user user user user url	
user user user user user makanya lo gak usah jelek jelekin ahok atau jokowi . gubernur yang lo bela juga sama kok . gak bisa atasi masalaghbanjir . klo udah bisa bikin jakarta gak banjir klo curah hujan tinggi . baru koar koar . ini sama aja kok . cuma bacot doang.ðŸ¤ª	
dinikmati ajaaa . begitulah orang indonesia , tingkat kebahagiaannya tinggi xixix . . . hashtag hashtag hashtag hashtag hashtag hashtag hashtag @ jakarta , indonesia url	
nah ini baru pejabat yang memiliki tanggungjawab tinggi hashtag hashtag hashtag hashtag hashtag url	
bekasi orangnya berjibun banjir jg masuk rumah , penanganan pra banjir lebih minim dr jakarta , tp orang bekasi tidak bully walikota , bupati , gubernurnya , artinya memang politisasi isu banjir jakarta itu berbiaya tinggi . ini foto kiriman komplek angkatan laut jatibening & gt ; url	
peduli banjir jakarta hashtag jakarta kembali terendam banjir , genangan ditemukan di beberapa titik wilayah di jakarta karena curah hujan yang tinggi . hingga saat ini banyak relawan rumah zakat actionâ€¦ url	
user jakarta , url - badan nasional penanggulangan bencana ( bnpb ) mengatakan banjir di perumahan harapan indah , bekasi diakibatkan oleh curah hujan yang tinggi . url	
jengkelnya politikus psi kepada anies , jakarta dikepung banjir , elektabilitas tetap tinggi url	
hujan yang mengguyur jakarta pada hari selasa kemarin menyebabkan banjir di sejumlah lokasi pada rabu pagi . penyebab banjir dikarenakan curah hujan yang tinggi , bmkg menyebutkan curah hujan mencapai 278mm/hari yangâ€¦ url	
user user itu cuman upaya pembenaran terhadap kedengkian loe terhadap user musim hujan kali ini memang banjir dimana2 apalagi jakarta yang memang langganan banjir.di kotaku saja yang notabene dataran tinggi yang puluhan tahun tidak pernah banjir , kali inipun juga kebanjiran .	
hashtag sekda dki jakarta : saat ini pak anies masih meninjau apa dampak banjir yang kemarin . dki jakarta sudah mengikuti masterplan penanganan banjir yang sat ini masih pada tahap realisasi . pada januari memang itu banjir yang diakibatkan curah hujan yang tinggi .	
dear rakyat jakarta kalo jakarta banjir jangan salahin pak aniies yang salah tuh kalian udah tau banjir tinggal di jakarta , coba kalian tinggal di cimbeuleuit ga akan banjir daerah tinggi kalo banjir kiamat	
user user user user user user user klau tidak di kerjakan dan di biarkan mungkin banjir di jakarta tidak akan pernah surut . karna tinggi daratan jakarta lebih rendah dr air laut , kanal yang dulu banyak di jakarta yang di bangun oleh belanda berubah jadi mall '' , hotel dan apartemen mewah , apakah it slh gubernur yang skrg ?	
gw udah berapa kali menikmati banjir jakarta sejak sd dulu . banjir yang dgn hujan deras curah tinggi ya di zaman ini , tapi dalam hitungan jam kembali surut . ini pemadam dki lagi berjibaku memindah kan air got di kelapa gading ke kali sunter url	
menurut istri alan budikusuma itu , debit air yang menerjang kali ini lebih tinggi dibanding banjir jakarta pada 1 januari 2020 lalu . hashtag url	
user cik , mending fokus jakarta aja dulu , setelah banjir krn curah hujan tinggi apa langkah pemda dki , tetap cuma pelihara infrastructure yang ada atau bangun/revitalisasi situ2 ; redesign sistim drainage dg parameter baru ; ajak developer2 kerja sama atasi banjir dsb	
user user eh kontol , emang curah hujan jakarta sm bogor sama ? gw pernah ada di daerah , 5 meter dr gw diri ujan . dari jaman voc jakarta juga banjir kalo curah hujannya tinggi . dataran jakarta jg rendah , dan sejarahnya pun rawa shingga bnyk nama daerah pake awalan rawa ðŸ¸ðŸ¸ðŸ¸	
user user user wait mau bandingin jakarta jabar apa cikampek ? kalo keseluruhan , jabar lebih tinggi . tapi kan hujan lokal di daerah jabodetabek : ) kiriman dr bogor yang biasanya jadi masalah kan gk terjadi kemaren . gaada juga yang berdalih banjir kiriman pak	
user user user memang betul bro . harus nya aware pemerintahan ntah itu pemprov ato pusat . cz memang harus ada yang dkorbanin , kalo memang jakarta pgn bebas banjir . skrng udah susah klo hanya pasang pompa atau sejenisnya . air laut lebih tinggi dbanding tanah jakarta .	
seputar bekasi , walikota , bupati & amp ; gubernur aman dr bullyan , meski berkali2 banjir . kenapa ? karena curah hujan mmg tinggi & amp ; politisasi banjir tidak menarik buat warga . di jakarta , mslh banjir 3 gubernur terakhir sejak 2012 , tak ada solusi namun hanya gubernur terakhir yang dibully url	
anies dipilih warganya untuk membenahi jakarta , entah kenapa masalah banjir dan masalah lainnya dimanfaatkannya utk ambisi yang lebih tinggi . salah satu suara itu saya baca di tl sahabatku user url	
jakarta dilanda banjir sebanyak enam kali dalam dua bulan terakhir di awal 2020. curah hujan yang tinggi harus diimbangi dengan keberadaan sistem drainase yang memadai . user hashtag hashtag hashtag hashtag url	
user user ni orang kerjanya hanya nyinyir terus . jakarta dari nenek moyangnya terus di landa banjir karena jkarta tanahnya sangat rendah di tambah gedung2 yang tinggi . jadilah daerah resapan nol . cobalah ente berpikir cerdas . ! jika ente mampu silahkan buktikan .	
user user banjir bukan salah anis itu sdh pasti , penyebab banjir di dki jakarta itu krn air hujan dgn intensitas tinggi yang tidak mengalir kehilir tersumbat atau drainase dan sungai2nya tidak memadai . oleh krn itu hrs ada tindakan nyata dari pemerintah dki jakarta utk dpt mengantisipasinya .	
berita lagi rame ttg banjir . lha banjir jakarta ga akan teratasi kalo 13 aliran sungai tidak juga teratasi.kemudian daerah2 resapan tetap dibangun gedung2 tinggi.mau ga daerah resapan yang skr jadi komplek elite dibongkar ? siapapun gubernurnya akan ttp ada problem banjir	
user 24 taun ayah kerja di satu bank , beberapa kali merger akuisisi ganti nama gapernah kena phk , gw ngerasain banjir 5taunan dari jaman 2002 ampe skrg . udah kaya nadi jantung itu jakarta di hidup kluarga gw . niat pindah pun beberapa kali gajadi karna umr jkt tinggi : â€™ )	
user user user hujan membawa berkah jangan salahkan anies baswedan . udha takdir jakarta langganan banjir yah kan gedung '' menjulang tinggi adanya di jkrt yah wajar lah banjir renaze nya tidak begitu baik pembangunan teruuzz , tol nya kali kebanyakan , yah di syukuri ajha karena hujan ad berkah	
ya banjir skrg ini adalah musibah , ujian , cobaan dr tuhan ( allah swt ) jangan sring mnyalahkan anis gubnr jakarta , kt smua hrs introseksi diri , buatl pnaggulangn banjir , waduk , got2 bsar yang baik , pmbatas air laut yang tinggi , suatu saat nnti pindahkn jakarta ke bogor , sukabumi , cianjur	
user user user user user user iye pikir loe banjir di jakarta doang ya . dan loe pikir jakarta daerah bebas banjir daridulu . curah hujan tinggi dan tertinggi selama 1 , 5 abad loe ngarep ngarep jakarta kagak banjir . ðŸ¤£ðŸ¤£ðŸ¤£	
tetap tidak ada yang mampu mengangkat isu banjir jd isu nasional di hashtag semuanya takut bicara pada level yang lebih luas dan lebih tinggi bayangkan masyarakat luar jakarta jika mendengar opini yang berputar hanya di jakarta bisa referendum semua , merasa tidak diperhatikan	
banjir bukan cuma musibah yang dirasakan warga jakarta aja , warga jabar juga sedang berduka terendam hujan . mohon bersabar , intensitas hujan sedang tinggi tingginya	
user keliatan kualitas berfikirnya ga lebih tinggi dari banjir jakarta tuh si cecurut yak . ! udah bodoh pamer pulak ðŸ¤£ðŸ¤£ðŸ¤£ðŸ¤£ðŸ¤£	
user intensitas volume hujan memang tinggi awal tahun kita udah diperingatkan bahwa hujan akan tinggi . yang jadi masalah bukan jakarta saja yang kena banjir . dan pemimpin indonesia cuma bisa kaget dan ngebacot doang .	
user user tapi ada yang lebih mantep lagi bilangnya â€œ kalo jabatan dia lebih tinggi , lebih gampang urus banjir sama macet jakarta â€ lagian air gimane mau masuk tanah , penghijauan aje dikit di jakarta .	
user saya kasi tahu ya pak , banjir itu penyebabnya bukan user , krn curah hujan yang mmg tinggi , lo pikir cuma jakarta yang banjr , semarang juga banjir , tp ga ada tu yang cerewet nyalahin user .	
user tanah jakarta tetap segitu , warga nya semakin banyak . pohon banyak ditebang , serapan air semakin minim karena tanah sudah ditembok2 beton . curah hujan tinggi akhir2 ini , lalu air hujan mau lari kemana ? alhasil genangan banjir dimana mana .	
selamat pagi sahabat kompas , sejak awal tahun terhitung sudah delapan kali warga jakarta dan sekitarnya dilanda banjir cukup besar . selain karena drainase yang buruk , bencana ini terjadi karena curah hujan yang tinggi dan ekstrem . hashtag hashtag url	
curah hujan tinggi kota2 besar kebanjiran . tp kenapa yang masuk berita terus kota jakarta ðŸ˜† dan selalu di salah kan trs pak user pdhl dr berbgai gubernur dahulu kg sdh sering banjir ðŸ˜µ	
tadi liat video banjir-banjir jakarta , ada yang entah dimana itu , banjirnya tinggi dan berombak dengan sampah begituuuu banyak menyeruak di permukaan . sampah darimana wayo ? dugaan paling kuat yaaa itu sampah-sampah tak bertuan yang dibuang sembarangan ke jalan , selokan , dan sungai .	
user user user user user user dan masalah air kirimin dr bogor . logikanya ga mungkin air naek keatas misalnya ke daerah tinggi ( sukabumi ) pasti kebawah ( jakarta ) , seharusnya pekerjaan gubernur sebelumnya di lanjutkan . normalisasi kali , pompa2 di cek . ini terjadi pas saat udah banjir . pas musim kmarau kmn ?	
intensitas hujan yang tinggi sejak malam , membuat daerah jakarta dan sekitarnya banjir . adipati dolken yang tengah sibuk promo film pun jadi kesulitan . hashtag url	
3. dongkrak dan jack stand . usaha kita untuk naikin tinggi kendaraan dari lantai . kalau ga ada jack stand , bisa akalin pakai batu bata atau balok . dongkrak standar yang ada di mbl bisa , naikin satu2 dari 4 ban terus ganjal pakai jack stand/batu bata/balok hashtag hashtag #	
sejak 2004 ( setelah rumahku di renov menjadi lebih tinggi ) sampai 2019 , hanya sekali banjir tinggi sampai masuk ke rumah yaitu tahun 2007 ( banjir jakarta terparah menurutku ) . lalu masuk thn 2020 udh tak terhitung lagi brp kali masuk ke rumah . sedih rasanya .	
mengkritik bolehÂ² saja asal tak ada kambing-hitam . tetapi , sepertinya memaklumi itu lebih damai . karena banjir jakarta di sebab hujan . coba anda bayangkan , di daerah mana yang tidak banjir seandainya ada curah hujan yang tinggi . sepertinya andaÂ² kemarau pun salah .	
banjir jakarta cukup tinggi , mirip seperti omongan pemimpin nya .	
jgc tuh jakarta garden city ya ? hahaha i was there kemarin banget . slogan pedenya : kawasan bebas banjir . ya tinggi sih kawasannya , tapi menuju ke sana banjir ðŸ˜‚ eh beneran kejadian banjir .	
engagement promo single barunya mas harry styles pasti tinggi banget ye hari ini gegara gak sengaja konsep videonya ternyata pas ala banjir jakarta ðŸ˜­ðŸ˜‚	
user user otak dipake bos , percuma sekolah tinggi '' kalo bisanya nyalahin alam . manusia punya otak dipake buat mikir gimana caranya mengatasi masalah banjir di jakarta bukan malah buat statement jakarta banjir dan akan terus banjir	
user user user user bingung gw nih ama yang ribut2 , perasaan di tambun banjir lebih tinggi drpd jakarta dah , cuma santuy2 aja . yang repot malah yang beginian .	
sepertinya banjir jakarta tahun ini selain karena curah hujan tinggi . pemprov lebih adil dalam mengontrol peyebaran aliran air jd makanya banyak kawasan/perumahan elit kebanjiran . mungkin yang dulu â€ nya gapernah banjir ada main sama pemprov yang doeloe ðŸ¤­	
user bahkan nyatanya , penanganan banjir kota semarang jauh lebih baik dari jakarta yang punya apbd jauh lebih tinggi bahkan stasiun tawang yang musim kemarau selalu banjir rob , kini cantik dan gak pernah lagi hashtag url	
comment masyarakat pd saat banjir di jakarta - menyalahkan sistem dari bapak gubernur . - menyalahkan krna curah hujan tinggi - menyalahkan masyarakat yang masih buang sampah sembarangan - menyalahkan presiden - menyalahkan orang2 yang berbuat zina karena ini azab dari allah swt .	
menteri pupr , basuki hadimuljono , berpendapat banjir jakarta krn masalah drainase , bukan sungai yang meluap pihaknya sdh memperbaiki sistem drainase di wilayah yang jadi kewenangan pusat , al : kemayoran . jg menyiapkan 104 mobile pump kpd pemprov dki utk antisipasi curah hujan tinggi url	
jakarta pinggir kali hujan dikit banjir tinggi	
jengkelnya politikus psi kepada anies , jakarta dikepung banjir , elektabilitas tetap tinggi & gt ; & gt ; url hashtag hashtag hashtag	
user user user gak pernah nyebut , banjir disebabkan oleh curah hujan yang tinggi dan muara 12 sungai di jakarta tertutup oleh reklamasi ilegal teluk jakarta yang dibuat dg perizinan palsu yang dikeluarkan gubernur jokowi-ahok	
user user user user user heran sy banjir jakarta mulu yang dibahas , pdhl bekasi tanggerang juga banjir . knp anies slalu dicari kesalahan . gak usah sensi bu nanti darah tinggi .	
user user ya wajarlah jakarta banjir daerah hilir , 1. dpat kiriman air dri jabar 2. curah hujan sngat tinggi 2. jakarta kota besar , bnyak lahan resapan air tertutup bangunan 3. jabar aja daerah resapan airnya masih banyak daerahnya masih hutan , itu aja masih banjir .	
sampe istana aja kebagian genangan air . apakah memang curah hujan yang tinggi ? apakah memang sengaja ga mau quick action dengan kondisi infrastruktur yang ada ? atau emang masalah pribadi ? atau mungkin sabotase hashtag	
sebenernya ga ada masalah ya gubernurnya siapapun orangnya dari lapisan manapun ya , kalo di bilang bencana alam , ya bisa juga intesifitas hujan yang tinggi bisa di sebut bencana alam , penanganan banjir apakah disebut bencana alam juga ? hashtag hashtag	
user user formula e juga gak jadi maslah sih niat pak anis buat ngenalin jakarta melalui event formula e juga gak salah tapi yang jadi masalah ini emang curah hujan tinggi di bln januari dst tapi dr pihak pemprov blm ada solusi gimana cara mengatasi banjir biar gak datang lagi	
coba ida mahmudah dprd dki beri solusi cara mnghentikan hujan agar tidak banjir.jgn cuma nyonyor.bmkg : intensitas hujan sangat tinggi.kata ida , warga minta jakarta tidak mau banjir.usulan ida mahmudah apa ? anies harus tutupi langit jakarta dgn terpal ? bangke asal mangap . user	
kalo bencana gempa pasti ada ukuran nya pada skala richter . kalau bencana banjir ada intensitas hujan sebagai ukuran nya . kalau emang intensitas hujan jakarta tinggi . kenapa selalu pak user yang salah . ? hashtag	
gubernur dki jakarta anies baswedan memberikan pernyataan terkait banjir di ibu kota , selasa ( 25/2/2020 ) . anies mengatakan , banjir yang terjadi hari ini akibat curah hujan tinggi , bukan air kiriman dari bogor . hashtag hashtag hashtag hashtag url	
user calon gubernur kan tidak pernah bisa pilih rakyatnya mau umur berapa , tingkat intelejensi nya seberapa tinggi , atau siapa , tidak bisa . yang mereka tau , jakarta harusnya tidak banjir , gimana pun caranya . kayaknya sih begitu	
berjibaku dengan derasnya air , personel polri evakuasi warga banjir telah menggenangi sejumlah wilayah di jakarta , curah hujan yang tinggi mengakibatkan derasnya aliran arus air . salah satunya terjadi di kec . puloâ€¦ url	
user user user user tiap tahun jakarta banjir di erabgubernur sebelumnya jg banjir tiap tahun tp pak anies udha berbuat banyak untuk mengatai banjir tapi kita harus kembalikan kepada sang kuasa yang memberikan musibah banjir inilah dampak dari bangunan '' yang menjulang tinggi tapi jgn salahkan gubernur	
saya sepakat bawasannya curah hujan tinggi dikarenakan dari perubahan iklim . juga saya sepakat kalau jakarta selalu hujan dikarenakan secara topografis jakarta merupakan daerah floodplain atau dataran banjir . tapiiii .	
user user knp ga topik nya masalah korupsi aja . masalah banjir itu udah nasional.hampir tiap provinsi banjir . kenapa di bahas banjir dijakarta aja . dr dl jakarta itu banjir karena musim hujan.luapan air sungai . dan permukaan darat rendah . tinggi permukaan lautditambah lg sabutase ðŸ˜	
gak cuma sampah & amp ; hujan , penggunaan air tanah yang tinggi juga bisa sebabkan banjir loh . di kota kayak jakarta ini , mobilitas penduduknya tinggi dan pembangunannya pun pesat , jadi kebutuhan air jauh lebih tinggi.â€¦ url	
user kan udah tahu dari dulu , jabodetabek itu langganan banjir . 1. dapat kiriman air dari jabar 2. jakarta kota besar pasti banyak bangunan yang menutupi lahan resapan air 3. kalau hujan dg curah yang sangat tinggi , ya kmungkinan besar banjirlah 4. yang mau diributkan itu apa ?	
jengkelnya politikus psi kepada anies , jakarta dikepung banjir , elektabilitas tetap tinggi url hashtag hashtag hashtag	
makin tinggi aja ni aer kaya citacita hashtag hashtag hashtag	
user jelas musibah karna sebagian masyarakat blm peduli sama lingkungan jakarta yang udah padat karna tanah2 di isi betonn , apalagi jakarta itu masuk dlm daerah dataran rendah yang rawan bgt banjir . kalo yang situ mksd daerah curah hujan tinggi dan itu di puncak bogor ya jelas ga banjirðŸ˜‚ðŸ¤£	
user user user gubernur sekarang masih tinggi hati , ujub takabur dan merasa sudah banyak berbuat , makanya jakarta masih banjir . kesimpulannya si aa fitnes .	
user jakarta itu bebannya sudah terlalu berat . daratannya sudah lebih rendah dari permukaan laut . tidak ada seorangpun mampu mengatasi banjir jika curah hujan sangat tinggi . bikin rumah dua lantai . selesai .	
mgkn sbnrnya anies ga salah akan mslh banjir skrg . mgkn krn emg bener2 curah hujan yang lebih tinggi dr thn lalu makanya skrg lbh banjir dibanding thn lalu . itulah makanya ahok ga dipilih jd gub sm tuhan spy dia ga disalah2in soal jakarta banjir kyk yang dirasain anies skrg lolðŸ¤ª	
wakil ketua dprd dki jakarta , zita anjani : kita harus jujur , bahwa yang lebih prioritas , yang lebih penting , yang urgensinya lebih tinggi adalah masalah banjir . hashtag url url	
user user hari ini media dipenuhin berita banjir . dan ternyata banjir tidak hanya di jakarta , tapi diseluruh wilayah yang curah hujannya cukup tinggi ; hampir dipastikan berdampak banjir .	
banjir jakarta memang luar biasa sekarang karena curah hujan yang tinggi . pemda dki jakarta harus fokus untuk solusi banjir . pemda dki jakarta harus kerja keras jangan alon-alon waton kelakon . coba dibuat road map yang efektif antara pusat dan daerah dki , jabar dan banten .	
user user user terus dulu yang katanya kalau jadi presiden akan muda tangani banjir jakarta mana . gak sanggup juga kan. ini masalah cura hujan yang sangat tinggi juga terjadi d beberapa daerah	
hashtag meskipun durasi hujan tidak sepanjang pada saat hujan awal tahun , nyatanya jakarta dan sejumlah wilayah lain tetap saja kebanjiran . benarkah banjir ini hanya akibat dari curah hujan yang tinggi semata ? atau adanya inkapabilitas pemda ? url url	
apasih kenapa banjir ribut amat , pdhl intensitas curah hujan kemarin emg tinggi malahan dr pagi smp pagi lg ujan , emg banjir cm di jakarta , woi blanakan nih ya sbg bagian selatan penangkaran buaya banjir ga , dahlah salahin aja tiap gubernur yang mimpin tiap daerah	
4. amankan barang-barang berharga lainnya ke tempat yang lebih tinggi atau yang tidak terkena air banjir . contoh : alat elektronik , furnitur yang mudah rusak jika terkena air , dan tentu saja diri kamu serta keluarga tersayang , yaa hashtag hashtag hashtag hashtag url	
3. jika air semakin tinggi , pastikan listrik dan pompa air di rumah sudah dimatikan , ya ! jangan lupa amankan colokan dan kabel agar tidak terkena air . hashtag hashtag hashtag hashtag url	
intensitas hujan tinggi , jakarta & amp ; bekasi banjir parah url url	
curah hujan emang lg tinggi oy , dikota lain juga banjir . jadi jangan salahin pak anies karna banjir berapa hari ini . bener , murni karna curah hujan . udah . sala dia mah satu . udah tau bmkg bilang curah hujan tinggi sampe maret . uda tau jakarta emang doyan banjir .	
user oke gini kalo tentang sampah oke gue akuin bener tapi tentang banjir itu musibah , banyaknya gedung ( ? ) wkwkw adaloh daerah lain yang rata2 perbulan curah hujannya lebih tinggi dari jakarta , dan ini jakarta hanya 1 malam ngalamin curah hujan lebih tinggi langsung banjir	
user user lah omongan lu salah orang udh berusaha masih dibilang gak becus , mau siapa yang ngurus jakarta tetep banjir , curah hujan tinggi tante gak cuma jakarta yang banjir bekasi tangerang juga banjir ,	
ga usah ngeluh karena banjir bukan cuma jakarta , surabaya pun banjir . banjir itu konsekuensi bukan bencana . semakin tinggi umr , semakin tinggi pula peluang terkena banjir . jadi banjir itu konsekuensi atau peluang ? : |	
didera curah hujan tinggi , unj terendam banjir 25 febuari 2020 hujan dengan intensitas yang terus menerus , menyebabkan banjir yang cukup tinggi di universitas negeri jakarta . liputan selekapnya di url hashtag hashtag url	
smga cpt surut yang lg kena banjir . jakarta , bekasi , karawang dn daerah2 sekitarnya . juga wilayah2 lain . dan smga curah hujan gk tinggi lg dn gk banjir2 lg . aamiin	
kompleks istana kepresidenan , jakarta , terkena dampak banjir pada selasa ( 25/2 ) dini hari tadi . hal ini terjadi karena curah hujan yang tinggi . url	
banjir kembali melanda ibu kota , sebagian wilayah jakarta dan sekitarnya mengalami curah hujan yang tinggi sehingga musibah banjir tak dapat dihindarkan . ã…¤ã…¤ã…¤ã…¤ã…¤ã…¤ mitra pengelola zakat yayasan masjid al ikhlas-dompetâ€¦ url	
user user user kenapa ga lu aja ndji yang jadi gubernur . kayaknya lu lebih memahami dengan komprehensif bukan cuma masalah banjir tapi permasalahan jakarta yang kompleksitasnya tinggi , lu orangnya detail , paham & amp ; suka halÂ² teknis , kuat administratif , punya ketegasan , punya massa , punya komunitas .	
